model_name,file_name,success_time,average_step,completion
meta-llama/Meta-Llama-3-8B-Instruct,,2.92,7.46,0.936975545346672
mistralai/Mixtral-8x22B-Instruct-v0.1,,3.24,6.6960000000000015,0.9498934997006434
mistralai/Mistral-7B-Instruct-v0.2,,3.26,6.672000000000001,0.9366604822533386
deepseek-chat,,2.46,8.527999999999999,0.925612588223108
gpt-3.5,,2.82,7.504,0.9208209400714746
gpt-4,,3.24,6.996,0.930830417180098
meta-llama/Meta-Llama-3-70B-Instruct,,3.44,6.728000000000001,0.9453543439540434
meta-llama/Meta-Llama-3-70B-Instruct,case_1.csv,5.0,1.0,1.0
meta-llama/Meta-Llama-3-70B-Instruct,case_6.csv,1.6666666666666667,37.53333333333333,0.9488786348642481
